"iso_code","country","country_long","region","continent","latitude","longitude","gdp_per_capita"
"AU ","Australia","Commonwealth of Australia","Australia and New Zealand","Oceania","-27.0","133.0","64491.481271268433"
"NZ ","New Zealand","New Zealand","Australia and New Zealand","Oceania","-41.0","174.0","48249.253527448723"
"AG ","Antigua and Barbuda","Antigua and Barbuda","Caribbean","Americas","17.05","-61.8","18745.134008084212"
"BB ","Barbados","Barbados","Caribbean","Americas","13.16666666","-59.53333333","20018.499121202975"
"CU ","Cuba","Republic of Cuba","Caribbean","Americas","21.5","-80.0","9574.5782425575875402"
"DM ","Dominica","Commonwealth of Dominica","Caribbean","Americas","15.41666666","-61.33333333","8414.5345560031345807"
"DO ","Dominican Republic","Dominican Republic","Caribbean","Americas","19.0","-70.66666666","10120.563859732024"
"GD ","Grenada","Grenada","Caribbean","Americas","12.11666666","-61.66666666","10016.1832937387394569"
"HT ","Haiti","Republic of Haiti","Caribbean","Americas","19.0","-72.41666666","1748.2612855455452898"
"JM ","Jamaica","Jamaica","Caribbean","Americas","18.25","-77.5","6047.2303481283182257"
"KN ","St. Kitts and Nevis","St. Kitts and Nevis","Caribbean","Americas","17.33333333","-62.75","20176.742136517196"
"LC ","St. Lucia","St. Lucia","Caribbean","Americas","13.88333333","-60.96666666","11481.510310969270"
"VC ","St. Vincent and the Grenadines","St. Vincent and the Grenadines","Caribbean","Americas","13.25","-61.2","9125.3222765228768230"
"BS ","The Bahamas","Commonwealth of The Bahamas","Caribbean","Americas","24.25","-76.0","31458.300811738995"
"TT ","Trinidad and Tobago","Republic of Trinidad and Tobago","Caribbean","Americas","11.0","-61.0","18222.271861553293"
"BZ ","Belize","Belize","Central America","Americas","17.25","-88.75","6968.3570540279121183"
"CR ","Costa Rica","Republic of Costa Rica","Central America","Americas","10.0","-84.0","13198.814321028546"
"SV ","El Salvador","Republic of El Salvador","Central America","Americas","13.83333333","-88.91666666","5127.3185118597460511"
"GT ","Guatemala","Republic of Guatemala","Central America","Americas","15.5","-90.25","5473.2068179270217583"
"HN ","Honduras","Republic of Honduras","Central America","Americas","15.0","-86.5","3040.1730685545478421"
"MX ","Mexico","United Mexican States","Central America","Americas","23.0","-102.0","11091.3274374456512681"
"NI ","Nicaragua","Republic of Nicaragua","Central America","Americas","13.0","-85.0","2255.4283062901459791"
"PA ","Panama","Republic of Panama","Central America","Americas","9.0","-80.0","17357.625957195751"
"KZ ","Kazakhstan","Republic of Kazakhstan","Central Asia","Asia","48.0","68.0","11243.671125409821"
"KG ","Kyrgyz Republic","Kyrgyz Republic","Central Asia","Asia","41.0","75.0","1606.6614731086384549"
"TJ ","Tajikistan","Republic of Tajikistan","Central Asia","Asia","39.0","71.0","1054.1871337144058242"
"TM ","Turkmenistan","Turkmenistan","Central Asia","Asia","40.0","60.0","7092.5565678760086273"
"UZ ","Uzbekistan","Republic of Uzbekistan","Central Asia","Asia","41.0","64.0","2255.1524485175928030"
"BI ","Burundi","Republic of Burundi","Eastern Africa","Africa","-3.5","30.0","238.4415127386657249"
"KM ","Comoros","Union of the Comoros","Eastern Africa","Africa","-12.16666666","44.25","1484.8931730670408019"
"DJ ","Djibouti","Republic of Djibouti","Eastern Africa","Africa","11.5","43.0","3136.1137851753447610"
"ER ","Eritrea","State of Eritrea","Eastern Africa","Africa","15.0","39.0","560.5271615447422824"
"ET ","Ethiopia","Federal Democratic Republic of Ethiopia","Eastern Africa","Africa","8.0","38.0","1027.5820886386670168"
"KE ","Kenya","Republic of Kenya","Eastern Africa","Africa","1.0","38.0","2099.3017868848869465"
"MG ","Madagascar","Republic of Madagascar","Eastern Africa","Africa","-20.0","47.0","505.0366216558757794"
"MW ","Malawi","Republic of Malawi","Eastern Africa","Africa","-13.5","34.0","645.1602785685711229"
"MU ","Mauritius","Republic of Mauritius","Eastern Africa","Africa","-20.28333333","57.55","10216.289128990125"
"MZ ","Mozambique","Republic of Mozambique","Eastern Africa","Africa","-18.25","35.0","541.4546855067762895"
"RW ","Rwanda","Republic of Rwanda","Eastern Africa","Africa","-2.0","30.0","966.3273449124020865"
"SC ","Seychelles","Republic of Seychelles","Eastern Africa","Africa","-4.58333333","55.66666666","15874.575254847092"
"SO ","Somalia","Somali Democratic Republic","Eastern Africa","Africa","10.0","49.0","461.7761000405114110"
"TZ ","Tanzania","United Republic of Tanzania","Eastern Africa","Africa","-6.0","35.0","1155.9069175935636749"
"UG ","Uganda","Republic of Uganda","Eastern Africa","Africa","1.0","32.0","964.2243418645899218"
"ZM ","Zambia","Republic of Zambia","Eastern Africa","Africa","-15.0","30.0","1487.9100594849301929"
"ZW ","Zimbabwe","Republic of Zimbabwe","Eastern Africa","Africa","-20.0","30.0","1266.9987513278515284"
"CN ","China","People's Republic of China","Eastern Asia","Asia","35.0","105.0","12720.236514596279"
"KP ","Dem. People's Rep. Korea","Democratic People's Republic of Korea","Eastern Asia","Asia","40.0","127.0","228969.464640097807"
"JP ","Japan","Japan","Eastern Asia","Asia","36.0","138.0","33815.307668078996"
"KR ","Korea","Republic of Korea","Eastern Asia","Asia","37.0","127.5","32254.711129596301"
"MN ","Mongolia","Mongolia","Eastern Asia","Asia","46.0","105.0","4946.7597074594084333"
"BY ","Belarus","Republic of Belarus","Eastern Europe","Europe","53.0","28.0","7904.8608484519152050"
"BG ","Bulgaria","Republic of Bulgaria","Eastern Europe","Europe","43.0","25.0","13772.477040947723"
"CZ ","Czech Republic","Czech Republic","Eastern Europe","Europe","49.75","15.5","27638.417480099178"
"HU ","Hungary","Hungary","Eastern Europe","Europe","47.0","20.0","18463.252716862334"
"MD ","Moldova","Republic of Moldova","Eastern Europe","Europe","47.0","29.0","5562.5951551354168234"
"PL ","Poland","Republic of Poland","Eastern Europe","Europe","52.0","20.0","18321.291380593249"
"RO ","Romania","Romania","Eastern Europe","Europe","46.0","25.0","15892.140527242501"
"RU ","Russia","Russian Federation","Eastern Europe","Europe","60.0","100.0","15606.621249881649"
"SK ","Slovak Republic","Slovak Republic","Eastern Europe","Europe","48.66666666","19.5","21258.150224826170"
"UA ","Ukraine","Ukraine","Eastern Europe","Europe","49.0","32.0","4223.7631578947368421"
"FJ ","Fiji","Republic of Fiji","Melanesia","Oceania","-18.0","175.0","5316.6603209839895199"
"PG ","Papua New Guinea","The Independent State of Papua New Guinea","Melanesia","Oceania","-6.0","147.0","3020.2652786228093553"
"SB ","Solomon Islands","Solomon Islands","Melanesia","Oceania","-8.0","159.0","2203.1885766831015377"
"VU ","Vanuatu","Republic of Vanuatu","Melanesia","Oceania","-16.0","167.0","3010.2925873783436371"
"KI ","Kiribati","Republic of Kiribati","Micronesia","Oceania","1.41666666","173.0","1701.9705559619604974"
"MH ","Marshall Islands","Republic of the Marshall Islands","Micronesia","Oceania","9.0","168.0","6727.8019678125526233"
"FM ","Micronesia","Federated States of Micronesia","Micronesia","Oceania","6.91666666","158.25","3741.0567254125643811"
"NR ","Nauru","Republic of Nauru","Micronesia","Oceania","-0.53333333","166.91666666","11913.6406694032207136"
"PW ","Palau","Republic of Palau","Micronesia","Oceania","7.5","134.5","12063.140404320133"
"AO ","Angola","People's Republic of Angola","Middle Africa","Africa","-12.5","18.5","2998.5118711021474143"
"CM ","Cameroon","Republic of Cameroon","Middle Africa","Africa","6.0","12.0","1588.4770572579103590"
"CF ","Central African Republic","Central African Republic","Middle Africa","Africa","7.0","21.0","427.0583444341999418"
"TD ","Chad","Republic of Chad","Middle Africa","Africa","15.0","19.0","716.8015690067010602"
"CG ","Congo","Republic of Congo","Middle Africa","Africa","-1.0","15.0","2447.9835937950135535"
"CD ","Dem. Rep. Congo","Democratic Republic of the Congo","Middle Africa","Africa","0.0","25.0","586.4647577969028084"
"GQ ","Equatorial Guinea","Republic of Equatorial Guinea","Middle Africa","Africa","2.0","10.0","7053.4620409001569041"
"GA ","Gabon","Gabonese Republic","Middle Africa","Africa","-1.0","11.75","8820.3309178096870982"
"ST ","São Tomé and Principe","Democratic Republic of São Tomé and Principe","Middle Africa","Africa","1.0","7.0","2404.2571906060339520"
"SS ","South Sudan","Republic of South Sudan","Middle Africa","Africa","7.0","30.0","1099.3878585532115159"
"DZ ","Algeria","People's Democratic Republic of Algeria","Northern Africa","Africa","28.0","3.0","4273.9246457242213672"
"EG ","Egypt","Arab Republic of Egypt","Northern Africa","Africa","27.0","30.0","4295.4100150713437936"
"LY ","Libya","Socialist People's Libyan Arab Jamahiriya","Northern Africa","Africa","25.0","17.0","6716.0906948140147418"
"MA ","Morocco","Kingdom of Morocco","Northern Africa","Africa","32.0","-5.0","3582.2015025853909706"
"SD ","Sudan","Republic of the Sudan","Northern Africa","Africa","15.0","30.0","1102.1456492359848927"
"TN ","Tunisia","Republic of Tunisia","Northern Africa","Africa","34.0","9.0","3776.6638176054823696"
"CA ","Canada","Canada","Northern America","Americas","60.0","-95.0","54966.488227995026"
"US ","United States","United States of America","Northern America","Americas","38.0","-97.0","76398.591742205365"
"DK ","Denmark","Kingdom of Denmark","Northern Europe","Europe","56.0","10.0","66983.147827126952"
"EE ","Estonia","Republic of Estonia","Northern Europe","Europe","59.0","26.0","28332.619455549210"
"FI ","Finland","Republic of Finland","Northern Europe","Europe","64.0","26.0","50536.632066915247"
"IS ","Iceland","Republic of Iceland","Northern Europe","Europe","65.0","-18.0","72902.854150301126"
"IE ","Ireland","Ireland","Northern Europe","Europe","53.0","-8.0","104038.971587902311"
"LV ","Latvia","Republic of Latvia","Northern Europe","Europe","57.0","25.0","21851.098477789123"
"LT ","Lithuania","Republic of Lithuania","Northern Europe","Europe","56.0","24.0","24826.791387222026"
"NO ","Norway","Kingdom of Norway","Northern Europe","Europe","62.0","10.0","106148.711583952508"
"SE ","Sweden","Kingdom of Sweden","Northern Europe","Europe","62.0","15.0","55873.204588449577"
"GB ","United Kingdom","United Kingdom of Great Britain and Northern Ireland","Northern Europe","Europe","54.0","-2.0","45850.459982095942"
"WS ","Samoa","Samoa","Polynesia","Oceania","-13.58333333","-172.33333333","3743.2076337113615311"
"TO ","Tonga","Kingdom of Tonga","Polynesia","Oceania","-20.0","-175.0","4391.1358999794119299"
"TV ","Tuvalu","Tuvalu","Polynesia","Oceania","-8.0","178.0","5334.9893917963224894"
"BN ","Brunei","Brunei Darussalam","South-Eastern Asia","Asia","4.5","114.66666666","37152.395757702638"
"KH ","Cambodia","Kingdom of Cambodia","South-Eastern Asia","Asia","13.0","105.0","1786.5626357881950462"
"ID ","Indonesia","Republic of Indonesia","South-Eastern Asia","Asia","-5.0","120.0","4787.9985076950932714"
"LA ","Lao PDR","Lao People's Democratic Republic","South-Eastern Asia","Asia","18.0","105.0","2088.3793358766713483"
"MY ","Malaysia","Malaysia","South-Eastern Asia","Asia","2.5","112.5","11971.929819185278"
"MM ","Myanmar","Republic of the Union of Myanmar","South-Eastern Asia","Asia","22.0","98.0","1095.7024809435543527"
"PH ","Philippines","Republic of the Philippines","South-Eastern Asia","Asia","13.0","122.0","3498.5069835619652986"
"SG ","Singapore","Republic of Singapore","South-Eastern Asia","Asia","1.36666666","103.8","82807.730748611590"
"TH ","Thailand","Kingdom of Thailand","South-Eastern Asia","Asia","15.0","100.0","6908.8077985936098050"
"TL ","Timor-Leste","Democratic Republic of Timor-Leste","South-Eastern Asia","Asia","-8.83333333","125.91666666","2358.4056017463706743"
"VN ","Vietnam","Socialist Republic of Vietnam","South-Eastern Asia","Asia","16.16666666","107.83333333","4163.5104397272889561"
"AR ","Argentina","Argentine Republic","South America","Americas","-34.0","-64.0","13686.002522340841"
"BO ","Bolivia","Plurinational State of Bolivia","South America","Americas","-17.0","-65.0","3523.2749050851145809"
"BR ","Brazil","Federative Republic of Brazil","South America","Americas","-10.0","-55.0","8917.6945144423783408"
"CL ","Chile","Republic of Chile","South America","Americas","-30.0","-71.0","15355.493772538118"
"CO ","Colombia","Republic of Colombia","South America","Americas","4.0","-72.0","6630.2741426036275883"
"EC ","Ecuador","Republic of Ecuador","South America","Americas","-2.0","-77.5","6391.2560413310371646"
"GY ","Guyana","Co-operative Republic of Guyana","South America","Americas","5.0","-59.0","18989.744363356687"
"PY ","Paraguay","Republic of Paraguay","South America","Americas","-23.0","-58.0","6153.0563607769294933"
"PE ","Peru","Republic of Peru","South America","Americas","-10.0","-76.0","7125.8424624697367851"
"SR ","Suriname","Republic of Suriname","South America","Americas","4.0","-56.0","5858.2939615558863504"
"UY ","Uruguay","Oriental Republic of Uruguay","South America","Americas","-33.0","-56.0","20795.028856542345"
"VE ","Venezuela","República Bolivariana de Venezuela","South America","Americas","8.0","-66.0","17043.466229020339"
"BW ","Botswana","Republic of Botswana","Southern Africa","Africa","-22.0","24.0","7737.6462573033605343"
"SZ ","Eswatini","Kingdom of Eswatini","Southern Africa","Africa","-26.5","31.5","4039.5200013314803565"
"LS ","Lesotho","Kingdom of Lesotho","Southern Africa","Africa","-29.5","28.5","1107.3954007784632398"
"NA ","Namibia","Republic of Namibia","Southern Africa","Africa","-22.0","17.0","4911.3132311029321250"
"ZA ","South Africa","Republic of South Africa","Southern Africa","Africa","-29.0","24.0","6776.4847780370233121"
"AF ","Afghanistan","Islamic State of Afghanistan","Southern Asia","Asia","33.0","65.0","354.5717424914058336"
"BD ","Bangladesh","People's Republic of Bangladesh","Southern Asia","Asia","24.0","90.0","2688.3039498027331288"
"BT ","Bhutan","Kingdom of Bhutan","Southern Asia","Asia","27.5","90.5","3245.6179588602539443"
"IN ","India","Republic of India","Southern Asia","Asia","20.0","77.0","2388.6212810775525455"
"IR ","Iran","Islamic Republic of Iran","Southern Asia","Asia","32.0","53.0","4387.8204284851017899"
"MV ","Maldives","Republic of Maldives","Southern Asia","Asia","3.25","73.0","11817.532699360618"
"NP ","Nepal","Nepal","Southern Asia","Asia","28.0","84.0","1336.5444987786266539"
"PK ","Pakistan","Islamic Republic of Pakistan","Southern Asia","Asia","30.0","70.0","1596.6637139386940466"
"LK ","Sri Lanka","Democratic Socialist Republic of Sri Lanka","Southern Asia","Asia","7.0","81.0","3354.3843830305216176"
"AL ","Albania","Republic of Albania","Southern Europe","Europe","41.0","20.0","6802.8061336617147650"
"AD ","Andorra","Principality of Andorra","Southern Europe","Europe","42.5","1.5","41992.759069953899"
"BA ","Bosnia and Herzegovina","Bosnia and Herzegovina","Southern Europe","Europe","44.0","18.0","7585.3727478919297386"
"HR ","Croatia","Republic of Croatia","Southern Europe","Europe","45.16666666","15.5","18413.233004670472"
"CY ","Cyprus","Republic of Cyprus","Southern Europe","Europe","35.0","33.0","22724.229077705899"
"GR ","Greece","Hellenic Republic","Southern Europe","Europe","39.0","22.0","20732.064288648753"
"IT ","Italy","Italian Republic","Southern Europe","Europe","42.83333333","12.83333333","34157.962963935190"
"MT ","Malta","Republic of Malta","Southern Europe","Europe","35.83333333","14.58333333","33941.006883612875"
"ME ","Montenegro","Montenegro","Southern Europe","Europe","42.5","19.3","9893.5177446081287460"
"MK ","North Macedonia","Republic of North Macedonia","Southern Europe","Europe","41.83333333","22.0","6591.4557129659193684"
"PT ","Portugal","Portuguese Republic","Southern Europe","Europe","39.5","-8.0","24274.480207981361"
"SM ","San Marino","Republic of San Marino","Southern Europe","Europe","43.76666666","12.41666666","55121.212121212121"
"RS ","Serbia","Republic of Serbia","Southern Europe","Europe","44.0","21.0","9393.6365020154326416"
"SI ","Slovenia","Republic of Slovenia","Southern Europe","Europe","46.11666666","14.81666666","29457.418012341066"
"ES ","Spain","Kingdom of Spain","Southern Europe","Europe","40.0","-4.0","29350.183809592575"
"BJ ","Benin","Republic of Benin","Western Africa","Africa","9.5","2.25","1303.2185454745888223"
"BF ","Burkina Faso","Burkina Faso","Western Africa","Africa","13.0","-2.0","832.8834006460859914"
"CV ","Cabo Verde","Republic of Cabo Verde","Western Africa","Africa","16.0","-24.0","3902.5944577163579472"
"CI ","Côte d'Ivoire","Republic of Côte d'Ivoire","Western Africa","Africa","8.0","-5.0","2486.4116606846558564"
"GH ","Ghana","Republic of Ghana","Western Africa","Africa","8.0","-2.0","2175.8598058840591746"
"GN ","Guinea","Republic of Guinea","Western Africa","Africa","11.0","-10.0","1531.6529119241672458"
"GW ","Guinea-Bissau","Republic of Guinea-Bissau","Western Africa","Africa","12.0","-15.0","775.8293969412500012"
"LR ","Liberia","Republic of Liberia","Western Africa","Africa","6.5","-9.5","754.5334143238109175"
"ML ","Mali","Republic of Mali","Western Africa","Africa","17.0","-4.0","833.2982938966317438"
"MR ","Mauritania","Islamic Republic of Mauritania","Western Africa","Africa","20.0","-12.0","2190.7085074994631703"
"NE ","Niger","Republic of Niger","Western Africa","Africa","16.0","8.0","533.0285508110755744"
"NG ","Nigeria","Federal Republic of Nigeria","Western Africa","Africa","10.0","8.0","2184.4209411632621494"
"SN ","Senegal","Republic of Senegal","Western Africa","Africa","14.0","-14.0","1598.7342439549817633"
"SL ","Sierra Leone","Republic of Sierra Leone","Western Africa","Africa","8.5","-11.5","461.3606906477762808"
"GM ","The Gambia","Republic of The Gambia","Western Africa","Africa","13.46666666","-16.56666666","840.0098743824815447"
"TG ","Togo","Republic of Togo","Western Africa","Africa","8.0","1.16666666","918.3768144899041091"
"AM ","Armenia","Republic of Armenia","Western Asia","Asia","40.0","45.0","7014.2123505063354420"
"AZ ","Azerbaijan","Republic of Azerbaijan","Western Asia","Asia","40.5","47.5","7736.7052788909619405"
"BH ","Bahrain","Kingdom of Bahrain","Western Asia","Asia","26.0","50.55","30152.020773885655"
"GE ","Georgia","Georgia","Western Asia","Asia","42.0","43.5","6627.7136012317299762"
"IQ ","Iraq","Republic of Iraq","Western Asia","Asia","33.0","44.0","5937.1915601993360230"
"IL ","Israel","State of Israel","Western Asia","Asia","31.5","34.75","54659.707243523967"
"JO ","Jordan","Hashemite Kingdom of Jordan","Western Asia","Asia","31.0","36.0","4204.5056521566925861"
"KW ","Kuwait","State of Kuwait","Western Asia","Asia","29.5","45.75","43233.424840701515"
"LB ","Lebanon","Lebanese Republic","Western Asia","Asia","33.83333333","35.83333333","4213.6611594831739724"
"OM ","Oman","Sultanate of Oman","Western Asia","Asia","21.0","57.0","25056.716149166859"
"QA ","Qatar","State of Qatar","Western Asia","Asia","25.5","51.25","88046.478044407637"
"SA ","Saudi Arabia","Kingdom of Saudi Arabia","Western Asia","Asia","25.0","45.0","30436.306367523034"
"SY ","Syrian Arab Republic","Syrian Arab Republic","Western Asia","Asia","35.0","38.0","504.3694649492984237"
"TR ","Turkey","Republic of Turkey","Western Asia","Asia","39.0","35.0","10616.063105995846"
"AE ","United Arab Emirates","United Arab Emirates","Western Asia","Asia","24.0","54.0","53757.871542693676"
"PS ","West Bank and Gaza","West Bank and Gaza","Western Asia","Asia","31.9","35.2","3789.3279657515288646"
"YE ","Yemen","Republic of Yemen","Western Asia","Asia","15.0","48.0","641.1979553791369068"
"AT ","Austria","Republic of Austria","Western Europe","Europe","47.33333333","13.33333333","52131.439349703977"
"BE ","Belgium","Kingdom of Belgium","Western Europe","Europe","50.83333333","4.0","49582.816527879730"
"FR ","France","French Republic","Western Europe","Europe","46.0","2.0","40963.906142959382"
"DE ","Germany","Federal Republic of Germany","Western Europe","Europe","51.0","9.0","48432.435225145784"
"LI ","Liechtenstein","Principality of Liechtenstein","Western Europe","Europe","47.26666666","9.53333333","182735.270933455387"
"LU ","Luxembourg","Grand Duchy of Luxembourg","Western Europe","Europe","49.75","6.16666666","126426.071109171540"
"MC ","Monaco","Principality of Monaco","Western Europe","Europe","43.73333333","7.4","235711.426142751378"
"NL ","Netherlands","Kingdom of the Netherlands","Western Europe","Europe","52.5","5.75","55985.424013547917"
"CH ","Switzerland","Switzerland","Western Europe","Europe","47.0","8.0","92101.465710332837"
